"objtype","subtype","pos_x","pos_y","pos_z","orient_x","orient_y","orient_z","orient_w","scale_x","scale_y","scale_z","density","friction","bounce","meshURI","diffuse_x","diffuse_y","diffuse_z","ambient"
"light","directional",0.000000,0.000000,0.000000,0.000000,0.000000,0.000000,,0.000000,0.000000,0.000000,,,,,1.000000,1.000000,1.000000,1.000000
"camera",,-20.000000,4.000000,0.000000,0.000000,-90.000000,0.000000,,,,,,,,,,,,
"mesh","dynamicbox",0.000000,2.000000,0.000000,-0.095846,0.000000,0.000000,0.995396,2.000000,1.000000,4.000000,1.000000,1.000000,0.600000,"meru://daniel@/cube.mesh",,,,
"mesh","dynamicsphere",0.100000,6.000000,0.000000,0.000000,0.000000,0.000000,,0.500000,0.500000,0.500000,1.000000,0.500000,0.700000,"meru://daniel@/sphere.mesh",,,,
"mesh","staticmesh",0.000000,0.000000,1.500000,0.000000,0.000000,0.000000,,1.000000,0.500000,0.500000,,1.000000,0.100000,"meru://daniel@/cube.mesh",,,,
